mes_ano,tipo,evento,valor,origem
2023-09,despesa,PG. INTERNET - CLARO 08/,2023.0,pdf_ocr
2023-09,despesa,PG.CONS.FECHADURA - PONTO DO CHAVEIRO NF,216.0,pdf_ocr
2023-09,despesa,PG.DARF INSS(E-SOCIAL/REINF) - 08/,2023.0,pdf_ocr
2023-09,despesa,PG.EXTINTORES - /PLACAS-PREVALE NF.3928 P.1/,2.0,pdf_ocr
2023-09,despesa,PG.FGTS - 08/,2023.0,pdf_ocr
2023-09,despesa,PG.FOLHA FUNC.BCO. - 09/,2023.0,pdf_ocr
2023-09,despesa,PG.ISSQN - 08/,2023.0,pdf_ocr
2023-09,despesa,PG.MANUT.ELEVADOR - PRIME LTDA.08/2023 NF,1926.0,pdf_ocr
2023-09,despesa,PG.MAT.PINTURA - FERRAGENS NGP NF,1017.0,pdf_ocr
2023-09,despesa,PG.MATERIAL - ELETRICO-GOLLO NF,48.0,pdf_ocr
2023-09,despesa,PG.PINTURA - /REPAROS-MISSAO DE PAZ NF,348.0,pdf_ocr
2023-09,despesa,PG.PIS - 08/,2023.0,pdf_ocr
2023-09,despesa,PG.PIS/COFINS/CSLL - 08/,2023.0,pdf_ocr
2023-09,despesa,PG.SECOVIMED - 08/,2023.0,pdf_ocr
2023-09,despesa,PG.SEG.VIDA FUNC.09/,2023.0,pdf_ocr
2023-09,despesa,PG.SEGURO INCENDIO - SOMPO SEGURADORA P.5/,6.0,pdf_ocr
2023-09,despesa,PG.SERV.LIMP. - MISSAO DE PAZ 08/2023 NF,339.0,pdf_ocr
2023-09,despesa,PG.SERV.PORTARIA - F.CORREA 08/2023 NF,338.0,pdf_ocr
2023-09,despesa,PG.SINDICO PROF. - SINDICO FK SOLUGOES 09/2023 NF,114.0,pdf_ocr
2023-09,despesa,PG.TARIFA BANCO COBRANGA - 09/,2023.0,pdf_ocr
2023-09,despesa,PG.TRANSAGOES BCO.TED/DOC - 08/,2023.0,pdf_ocr
2023-09,despesa,PG. TREINAMENTO - TPCI-PREVALE NF.3925 P.1/,2.0,pdf_ocr
2023-09,despesa,PG.TX.FIN.SD.DEV.08/,2023.0,pdf_ocr
2023-09,despesa,PG.VALE REFEIGAO/ALIMENTAGAO - TICKET 10/,2023.0,pdf_ocr
2023-09,despesa,REEMB.MAT.EXPEDIENTE - 09/2023 NF.:,10647.0,pdf_ocr
2023-09,despesa,TAXA AUXILIAR ADMINISTRACAO - 09/2023 NF.:,10647.0,pdf_ocr
2023-10,despesa,PG. INTERNET - CLARO 09/,2023.0,pdf_ocr
2023-10,despesa,PG.DARF INSS(E-SOCIAL/REINF) - 09/,2023.0,pdf_ocr
2023-10,despesa,PG.EXTINTORES - /PLACAS-PREVALE NF.3928 P.2/,2.0,pdf_ocr
2023-10,despesa,PG.FGTS - 09/,2023.0,pdf_ocr
2023-10,despesa,PG.FOLHA FUNC.BCO. - 10/,2023.0,pdf_ocr
2023-10,despesa,PG.FOTOCOPIAS - COPYARTE NF,84.0,pdf_ocr
2023-10,despesa,PG.INSTALAGAO - BALCAO-GEANPIERRE DOMBROWSKI NF,1.0,pdf_ocr
2023-10,despesa,PG.ISSQN - 09/,2023.0,pdf_ocr
2023-10,despesa,PG.PIS - 09/,2023.0,pdf_ocr
2023-10,despesa,PG.PIS/COFINS/CSLL - 09/,2023.0,pdf_ocr
2023-10,despesa,PG.SACOS LIXO - /MAT.LIMP.-D TUDO MAIS NF,5579.0,pdf_ocr
2023-10,despesa,PG.SECOVIMED - 09/,2023.0,pdf_ocr
2023-10,despesa,PG.SEG.VIDA FUNC.10/,2023.0,pdf_ocr
2023-10,despesa,PG.SEGURO INCENDIO - SOMPO SEGURADORA P.6/,6.0,pdf_ocr
2023-10,despesa,PG.SERV.LIMP. - MISSAO DE PAZ 09/2023 NF,354.0,pdf_ocr
2023-10,despesa,PG.SERV.PORTARIA - F.CORREA 09/2023 NF,353.0,pdf_ocr
2023-10,despesa,PG.SINDICO PROF. - SINDICO FK SOLUGOES 10/2023 NF,3.0,pdf_ocr
2023-10,despesa,PG.TARIFA BANCO COBRANGA - 10/,2023.0,pdf_ocr
2023-10,despesa,PG.TRANSAGOES BCO.TED/DOC - 09/,2023.0,pdf_ocr
2023-10,despesa,PG. TREINAMENTO - TPCI-PREVALE NF.3925 P.2/,2.0,pdf_ocr
2023-10,despesa,PG.TX.FIN.SD.DEV.09/,2023.0,pdf_ocr
2023-10,despesa,PG.VALE REFEIGAO/ALIMENTAGAO - TICKET 11/,2023.0,pdf_ocr
2023-10,despesa,REEMB.MAT.EXPEDIENTE - 10/2023 NF.:,11817.0,pdf_ocr
2023-10,despesa,TAXA AUXILIAR ADMINISTRACAO - 10/2023 NF.:,11817.0,pdf_ocr
2023-11,despesa,PG. INTERNET - CLARO 10/,2023.0,pdf_ocr
2023-11,despesa,PG.COLUNA AGUA - MAURO FLORES NF,3.0,pdf_ocr
2023-11,despesa,PG.CONS.FECHADURA - PONTO DO CHAVEIRO NF,259.0,pdf_ocr
2023-11,despesa,PG.CONS.P.ELETR. - LISANGELA FRAGA NF,121.0,pdf_ocr
2023-11,despesa,PG.CONS.PORTAO - MGA COMERCIO NF,422.0,pdf_ocr
2023-11,despesa,PG.DARF INSS(E-SOCIAL/REINF) - 10/,2023.0,pdf_ocr
2023-11,despesa,PG.FGTS - 10/,2023.0,pdf_ocr
2023-11,despesa,PG.FOLHA FUNC.BCO. - 11/,2023.0,pdf_ocr
2023-11,despesa,PG.ISSQN - 10/,2023.0,pdf_ocr
2023-11,despesa,PG.MANUT.ELEVADOR - ATLAS SCHINDLER 11/2023 NF,23779.0,pdf_ocr
2023-11,despesa,PG.MAT.LIMPEZA - /SACO DE LIXO-D TUDO MAIS NF,15787.0,pdf_ocr
2023-11,despesa,PG.MATERIAIS - GOLLO NF,68.0,pdf_ocr
2023-11,despesa,PG.PINTURA - MISSAO DE PAZ NF,371.0,pdf_ocr
2023-11,despesa,PG.PIS - 10/,2023.0,pdf_ocr
2023-11,despesa,PG.PIS/COFINS/CSLL - 10/,2023.0,pdf_ocr
2023-11,despesa,PG.REPAROS - EQUIP.SEGURANGA-GOLLO NF,151.0,pdf_ocr
2023-11,despesa,PG.SECOVIMED - 10/,2023.0,pdf_ocr
2023-11,despesa,PG.SEG.VIDA FUNC.11/,2023.0,pdf_ocr
2023-11,despesa,PG.SERV.LIMP. - MISSAO DE PAZ 10/2023 NF,363.0,pdf_ocr
2023-11,despesa,PG.SERV.PORTARIA - F.CORREA 10/2023 NF,362.0,pdf_ocr
2023-11,despesa,PG.SINDICO PROF. - SINDICO FK SOLUGOES 11/2023 NF,9.0,pdf_ocr
2023-11,despesa,PG.TARIFA BANCO COBRANGA - 11/,2023.0,pdf_ocr
2023-11,despesa,PG.TRANSAGOES BCO.TED/DOC - 10/,2023.0,pdf_ocr
2023-11,despesa,PG.TX.FIN.SD.DEV.10/,2023.0,pdf_ocr
2023-11,despesa,PG.VALE REFEIGAO/ALIMENTAGAO - 12/,2023.0,pdf_ocr
2023-11,despesa,REEMB.MAT.EXPEDIENTE - 11/2023 NF.:,12983.0,pdf_ocr
2023-11,despesa,TAXA AUXILIAR ADMINISTRACAO - 11/2023 NF.:,12983.0,pdf_ocr
2023-12,despesa,PG. INTERNET - CLARO 11/,2023.0,pdf_ocr
2023-12,despesa,PG.2° PARC.13° SAL./,2023.0,pdf_ocr
2023-12,despesa,PG.DARF INSS(E-SOCIAL/REINF) - 11/,2023.0,pdf_ocr
2023-12,despesa,PG.FGTS - 11/,2023.0,pdf_ocr
2023-12,despesa,PG.FOLHA FUNC.BCO. - 12/,2023.0,pdf_ocr
2023-12,despesa,PG.ISSQN - 11/,2023.0,pdf_ocr
2023-12,despesa,PG.MANUT.ELEVADOR - ATLAS SCHINDLER 12/2023 NF,26259.0,pdf_ocr
2023-12,despesa,PG.MATERIAL - FERRAGENS NGP NF,1155.0,pdf_ocr
2023-12,despesa,PG.PINTURA - MISSAO DE PAZ NF,376.0,pdf_ocr
2023-12,despesa,PG.PIS - 11/,2023.0,pdf_ocr
2023-12,despesa,PG.PIS/COFINS/CSLL - 11/,2023.0,pdf_ocr
2023-12,despesa,PG.SECOVIMED - 12/,2023.0,pdf_ocr
2023-12,despesa,PG.SEG.VIDA FUNC.12/,2023.0,pdf_ocr
2023-12,despesa,PG.SERV.LIMP. - MISSAO DE PAZ 11/2023 NF,375.0,pdf_ocr
2023-12,despesa,PG.SERV.PORTARIA - F.CORREA 11/2023 NF,374.0,pdf_ocr
2023-12,despesa,PG.SINDICO PROF. - SINDICO FK SOLUGOES 12/2023 NF,16.0,pdf_ocr
2023-12,despesa,PG.TARIFA BANCO COBRANGA - 12/,2023.0,pdf_ocr
2023-12,despesa,PG.TRANSAGOES BCO.TED/DOC - 11/,2023.0,pdf_ocr
2023-12,despesa,PG.TX.FIN.SD.DEV.11/,2023.0,pdf_ocr
2023-12,despesa,PG.VALE REFEIGAO/ALIMENTAGAO - 01/,2024.0,pdf_ocr
2023-12,despesa,REEMB.MAT.EXPEDIENTE - 12/2023 NF.:,14138.0,pdf_ocr
2023-12,despesa,TAXA AUXILIAR ADMINISTRACAO - 12/2023 NF.:,14138.0,pdf_ocr
2024-01,despesa,PG. INTERNET - CLARO 12/,2023.0,pdf_ocr
2024-01,despesa,PG. SENSOR - MARIO GONZALEZ NF,6.0,pdf_ocr
2024-01,despesa,PG.DARF INSS(E-SOCIAL/REINF) - 12/,2023.0,pdf_ocr
2024-01,despesa,PG.FGTS - 12/,2023.0,pdf_ocr
2024-01,despesa,PG.FOLHA FUNC.BCO. - 01/,2024.0,pdf_ocr
2024-01,despesa,PG.ISSQN - 12/,2023.0,pdf_ocr
2024-01,despesa,PG.MANUT.ELEVADOR - ATLAS SCHINDLER 01/2024 NF,1552.0,pdf_ocr
2024-01,despesa,PG.MAT.LIMPEZA - D TUDO MAIS NF,5950.0,pdf_ocr
2024-01,despesa,PG.MAT.PINTURA - FER.NGP NF.1143 P.1/,3.0,pdf_ocr
2024-01,despesa,PG.PINTURA - MISSAO DE PAZ NF,398.0,pdf_ocr
2024-01,despesa,PG.PIS - 12/,2023.0,pdf_ocr
2024-01,despesa,PG.PIS/COFINS/CSLL - 12/,2023.0,pdf_ocr
2024-01,despesa,PG.SECOVIMED - 12/,2023.0,pdf_ocr
2024-01,despesa,PG.SEG.VIDA FUNC.01/,2024.0,pdf_ocr
2024-01,despesa,PG.SERV.LIMP. - MISSAO DE PAZ 12/2023 NF,393.0,pdf_ocr
2024-01,despesa,PG.SERV.PORTARIA - F.CORREA 12/2023 NF,394.0,pdf_ocr
2024-01,despesa,PG.TAPETE - ADAO SANTOS NF,3038.0,pdf_ocr
2024-01,despesa,PG.TARIFA BANCO COBRANGA - 01/,2024.0,pdf_ocr
2024-01,despesa,PG.TRANSAGOES BCO.TED/DOC - 12/,2023.0,pdf_ocr
2024-01,despesa,PG.TX.FIN.SD.DEV.12/,41600.0,pdf_ocr
2024-01,despesa,PG.VALE REFEICAO/ALIMENTAGAO - 02/,20000.0,pdf_ocr
2024-01,despesa,PG.VALE TRANSPORTE,96050.0,pdf_ocr
2024-01,despesa,REEMB.MAT.EXPEDIENTE - 01/2024 NF.:,10962.0,pdf_ocr
2024-01,despesa,TAXA AUXILIAR ADMINISTRACAO - 01/2024 NF.:,1.0962,pdf_ocr
2024-02,despesa,PG. INTERNET - CLARO 01/,2024.0,pdf_ocr
2024-02,despesa,PG.ASSEMB.ORDIN. - 21/02/,2024.0,pdf_ocr
2024-02,despesa,PG.DARF INSS(E-SOCIAL/REINF) - 01/,2024.0,pdf_ocr
2024-02,despesa,PG.DESP.DIVRS. - FABRICIO KNORR NF,34.0,pdf_ocr
2024-02,despesa,PG.FGTS - 01/,2024.0,pdf_ocr
2024-02,despesa,PG.FOLHA FUNC.BCO. - 02/,2024.0,pdf_ocr
2024-02,despesa,PG.IMPERMEABILIZAGAO - /REF.TELHADO-F.CORREA NF,412.0,pdf_ocr
2024-02,despesa,PG.ISSQN - 01/,2024.0,pdf_ocr
2024-02,despesa,PG.MANUT.ELEVADOR - ATLAS SCHINDLER 02/2024 NF,3842.0,pdf_ocr
2024-02,despesa,PG.MANUTENGAO - /PINTURA-MISSAO DE PAZ NF,409.0,pdf_ocr
2024-02,despesa,PG.MAT.LIMPEZA - D TUDO MAIS NF,6065.0,pdf_ocr
2024-02,despesa,PG.MAT.PINTURA - FER.NGP NF.1143 P.2/,3.0,pdf_ocr
2024-02,despesa,PG.REEMB.ELAB.E ENTR.DIRF -,2023.0,pdf_ocr
2024-02,despesa,PG.REP.HIDRAULICO - /BOIA LUIZ RODRIGUES NF,9.0,pdf_ocr
2024-02,despesa,PG.SECOVIMED - 01/,2024.0,pdf_ocr
2024-02,despesa,PG.SERV.LIMP. - MISSAO DE PAZ 01/2024 NF,407.0,pdf_ocr
2024-02,despesa,PG.SERV.PORTARIA - F.CORREA 01/2024 NF,406.0,pdf_ocr
2024-02,despesa,PG.TRANSAGOES BCO.TED/DOC - 01/,2024.0,pdf_ocr
2024-02,despesa,PG.TX.FIN.SD.DEV.01/,2024.0,pdf_ocr
2024-02,despesa,PG.VALE REFEIGAO/ALIMENTAGAO - 03/,2024.0,pdf_ocr
2024-02,despesa,REEMB.MAT.EXPEDIENTE - 02/2024 NF.:,2229.0,pdf_ocr
2024-02,despesa,TAXA AUXILIAR ADMINISTRACAO - 02/2024 NF.:,2229.0,pdf_ocr
2024-03,despesa,PG. - CAMERA-GOLLO TEC.NF.0098 P.1/,2.0,pdf_ocr
2024-03,despesa,PG. INTERNET - CLARO 02/,2024.0,pdf_ocr
2024-03,despesa,PG.CONTR.SIND.PATR./2024 - 03/,2024.0,pdf_ocr
2024-03,despesa,PG.DARF INSS(E-SOCIAL/REINF) - 02/,2024.0,pdf_ocr
2024-03,despesa,PG.FGTS - 02/,2024.0,pdf_ocr
2024-03,despesa,PG.FOLHA FUNC.BCO. - 03/,2024.0,pdf_ocr
2024-03,despesa,PG.ISSQN - 02/,2024.0,pdf_ocr
2024-03,despesa,PG.MANUT.ELEVADOR - ATLAS SCHINDLER 03/2024 NF,6133.0,pdf_ocr
2024-03,despesa,PG.MANUTENGAO - /PINTURA-MISSAO DE PAZ NF,423.0,pdf_ocr
2024-03,despesa,PG.MAT.PINTURA - FER.NGP NF.1143 P.3/,3.0,pdf_ocr
2024-03,despesa,PG.REP.ELETRICO - LUIZ RODRIGUES NF,10.0,pdf_ocr
2024-03,despesa,PG.SECOVIMED - 02/,2024.0,pdf_ocr
2024-03,despesa,PG.SEG.VIDA FUNC.03/,2024.0,pdf_ocr
2024-03,despesa,PG.SERV.LIMP. - MISSAO DE PAZ 02/2024 NF,416.0,pdf_ocr
2024-03,despesa,PG.SERV.PORTARIA - F.CORREA 02/2024 NF,417.0,pdf_ocr
2024-03,despesa,PG.SINDICO PROF. - SINDICO FK SOLUGOES 02/2024 NF,44.0,pdf_ocr
2024-03,despesa,PG.TARIFA BANCO COBRANGA - 03/,2024.0,pdf_ocr
2024-03,despesa,PG.TRANSAGOES BCO.TED/DOC - 02/,2024.0,pdf_ocr
2024-03,despesa,PG.TX.FIN.SD.DEV.02/,2024.0,pdf_ocr
2024-03,despesa,PG.VALE REFEIGAO/ALIMENTAGAO - 04/,2024.0,pdf_ocr
2024-03,despesa,REEMB.MAT.EXPEDIENTE - 03/2024 NF.:,3381.0,pdf_ocr
2024-03,despesa,TAXA AUXILIAR ADMINISTRACAO - 03/2024 NF.:,3381.0,pdf_ocr
2024-04,despesa,PG. - CAMERA-GOLLO TEC.NF.0098 P.2/,2.0,pdf_ocr
2024-04,despesa,PG. INTERNET - CLARO 03/,2024.0,pdf_ocr
2024-04,despesa,PG.DARF INSS(E-SOCIAL/REINF) - 03/,2024.0,pdf_ocr
2024-04,despesa,PG.FGTS - 03/,2024.0,pdf_ocr
2024-04,despesa,PG.FOLHA FUNC.BCO. - 04/,2024.0,pdf_ocr
2024-04,despesa,PG.ISSQN - 03/,2024.0,pdf_ocr
2024-04,despesa,PG.MANUT.ELEVADOR - ATLAS SCHINDLER 04/2024 NF,7721.0,pdf_ocr
2024-04,despesa,PG.MAT.LIMPEZA - D TUDO MAIS NF,6278.0,pdf_ocr
2024-04,despesa,PG.MATERIAL - FER. NGP NF,1263.0,pdf_ocr
2024-04,despesa,PG.PINTURA - MANUTENGAO-MISSAO DE PAZ NF,428.0,pdf_ocr
2024-04,despesa,PG.REP.HIDRAULICO - LUIZ RODRIGUES NF,11.0,pdf_ocr
2024-04,despesa,PG.SECOVIMED - 03/,2024.0,pdf_ocr
2024-04,despesa,PG.SEG.VIDA FUNC.04/,2024.0,pdf_ocr
2024-04,despesa,PG.SERV.LIMP. - MISSAO DE PAZ 03/2024 NF,434.0,pdf_ocr
2024-04,despesa,PG.SERV.PORTARIA - F.CORREA 03/2024 NF,435.0,pdf_ocr
2024-04,despesa,PG.TARIFA BANCO COBRANGA - 04/,2024.0,pdf_ocr
2024-04,despesa,PG.TRANSAGOES BCO.TED/DOC - 03/,2024.0,pdf_ocr
2024-04,despesa,PG.TX.FIN.SD.DEV.03/,2024.0,pdf_ocr
2024-04,despesa,PG.VALE REFEIGAO/ALIMENTAGAO - 05/,2024.0,pdf_ocr
2024-04,despesa,PG.VALE TRANSPORTE - 05/,2024.0,pdf_ocr
2024-04,despesa,REEMB.MAT.EXPEDIENTE - 04/2024 NF.:,4546.0,pdf_ocr
2024-04,despesa,TAXA AUXILIAR ADMINISTRACAO - 04/2024 NF.:,4546.0,pdf_ocr
2024-05,despesa,PG. INTERNET - CLARO 04/,2024.0,pdf_ocr
2024-05,despesa,PG.BOIA - LED PISCINAS NF,280.0,pdf_ocr
2024-05,despesa,PG.FGTS - 04/,2024.0,pdf_ocr
2024-05,despesa,PG.FOLHA FUNC.BCO. - 05/2024 05/,2024.0,pdf_ocr
2024-05,despesa,PG.ISSQN - 04/,2024.0,pdf_ocr
2024-05,despesa,PG.MANUT.ELEVADOR - ATLAS SCHINDLER 05/2024 NF,10588.0,pdf_ocr
2024-05,despesa,PG.MANUTENGAO - /PINTURA-MISSAO DE PAZ NF,450.0,pdf_ocr
2024-05,despesa,PG.MAT.LIMPEZA - D TUDO MAIS NF,10447.0,pdf_ocr
2024-05,despesa,PG.MATERIAL - FERRAGENS NGP NF,1357.0,pdf_ocr
2024-05,despesa,PG.SEG.VIDA FUNC.05/,2024.0,pdf_ocr
2024-05,despesa,PG.SEGURO INCENDIO - HDI SEGUROS DOC.6500 P.1/,6.0,pdf_ocr
2024-05,despesa,PG.SERV.LIMP. - MISSAO DE PAZ 04/2024 NF,448.0,pdf_ocr
2024-05,despesa,PG.SERV.PORTARIA - F.CORREA 04/2024 NF,449.0,pdf_ocr
2024-05,despesa,PG.SINDICO PROF. - SINDICO FK SOLUGOES 05/2024 NF,58.0,pdf_ocr
2024-05,despesa,PG.TARIFA BANCO COBRANGA - 05/,2024.0,pdf_ocr
2024-05,despesa,PG.TRANSAGOES BCO.TED/DOC - 04/,2024.0,pdf_ocr
2024-05,despesa,PG.TX.FIN.SD.DEV.04/,2024.0,pdf_ocr
2024-05,despesa,PG.VALE REFEIGAO/ALIMENTAGAO - 06/,2024.0,pdf_ocr
2024-05,despesa,PG.VALE TRANSPORTE - 06/,2024.0,pdf_ocr
2024-05,despesa,REEMB.MAT.EXPEDIENTE - 05/2024 NF.:,5712.0,pdf_ocr
2024-05,despesa,TAXA AUXILIAR ADMINISTRACAO - 05/2024 NF.:,5712.0,pdf_ocr
2024-06,despesa,PG. - ALISSON GOLLO,450.0,pdf_ocr
2024-06,despesa,PG. INTERNET - CLARO 05/,2024.0,pdf_ocr
2024-06,despesa,PG.BOIA - LED PISCINAS NF,294.0,pdf_ocr
2024-06,despesa,PG.FGTS - 05/,2024.0,pdf_ocr
2024-06,despesa,PG.FOLHA FUNC.BCO. - 06/,2024.0,pdf_ocr
2024-06,despesa,PG.ISSQN - 05/,2024.0,pdf_ocr
2024-06,despesa,PG.MANUT.ELEVADOR - ATLAS SCHINDLER 06/2024 NF,12650.0,pdf_ocr
2024-06,despesa,PG.SEG.VIDA FUNC.06/,2024.0,pdf_ocr
2024-06,despesa,PG.SEGURO INCENDIO - HDI SEGUROS DOC.6500 P.2/,6.0,pdf_ocr
2024-06,despesa,PG.SERV.LIMP. - MISSAO DE PAZ 05/2024 NF,456.0,pdf_ocr
2024-06,despesa,PG.SERV.PORTARIA - F.CORREA 05/2024 NF,457.0,pdf_ocr
2024-06,despesa,PG.TARIFA BANCO COBRANGA - 06/,2024.0,pdf_ocr
2024-06,despesa,PG.TRANSAGOES BCO.TED/DOC - 05/,2024.0,pdf_ocr
2024-06,despesa,PG.TX.FIN.SD.DEV.05/,2024.0,pdf_ocr
2024-06,despesa,PG.VALE REFEIGAO/ALIMENTAGAO - 07/,2024.0,pdf_ocr
2024-06,despesa,PG.VALE TRANSPORTE - 07/,2024.0,pdf_ocr
2024-06,despesa,REEMB.MAT.EXPEDIENTE - 06/2024 NF.:,6868.0,pdf_ocr
2024-06,despesa,TAXA AUXILIAR ADMINISTRACAO - 06/2024 NF.:,6868.0,pdf_ocr
2024-07,despesa,PG. INTERNET - CLARO 06/,2024.0,pdf_ocr
2024-07,despesa,PG.DARF INSS(E-SOCIAL/REINF) - 06/,2024.0,pdf_ocr
2024-07,despesa,PG.DISJUNTOR - FERRAMULTI NF,6790.0,pdf_ocr
2024-07,despesa,PG.FGTS - 06/,2024.0,pdf_ocr
2024-07,despesa,PG.FOLHA FUNC.BCO. - 07/,2024.0,pdf_ocr
2024-07,despesa,PG.ISSQN - 06/,2024.0,pdf_ocr
2024-07,despesa,PG.MANUT.ELEVADOR - ATLAS SCHINDLER 07/2024 NF,14769.0,pdf_ocr
2024-07,despesa,PG.MANUTENGAO - CFTV- GOLLO NF,62.0,pdf_ocr
2024-07,despesa,PG.MAT.LIMPEZA - DTUDO MAIS NF,6624.0,pdf_ocr
2024-07,despesa,PG.PCMSO SECOVIMED - PGR/PCMSO 06/,6.0,pdf_ocr
2024-07,despesa,PG.RECARGA EXTINTORES - FERNANDO HENRIQUE DE LIMA NF,724.0,pdf_ocr
2024-07,despesa,PG.REP.BOMBAS - LED PISCINAS NF,357.0,pdf_ocr
2024-07,despesa,PG.REP.ELETRICO - MATHEUS WABNER NF,90.0,pdf_ocr
2024-07,despesa,PG.SECOVIMED - 06/,2024.0,pdf_ocr
2024-07,despesa,PG.SEG.VIDA FUNC.07/,2024.0,pdf_ocr
2024-07,despesa,PG.SEGURO INCENDIO - HDI SEGUROS DOC.6500 P.3/,6.0,pdf_ocr
2024-07,despesa,PG.SERV.LIMP. - MISSAO DE PAZ 06/2024 NF,473.0,pdf_ocr
2024-07,despesa,PG.SERV.PORTARIA - F.CORREA 06/2024 NF,472.0,pdf_ocr
2024-07,despesa,PG.SINDICO PROF. - SINDICO FK SOLUGOES 06/2024 NF,70.0,pdf_ocr
2024-07,despesa,PG.TARIFA BANCO COBRANCA - 07/,2024.0,pdf_ocr
2024-07,despesa,PG.TRANSACOES BCO.TED/DOC - 06/,2024.0,pdf_ocr
2024-07,despesa,PG.TX.FIN.SD.DEV.06/,2024.0,pdf_ocr
2024-07,despesa,PG.VALE REFEICAO/ALIMENTAGAO - 08/,2024.0,pdf_ocr
2024-07,despesa,PG.VALE TRANSPORTE - 08/,2024.0,pdf_ocr
2024-07,despesa,REEMB.MAT.EXPEDIENTE - 07/2024 NF.:,8000.0,pdf_ocr
2024-07,despesa,TAXA AUXILIAR ADMINISTRACAO - 07/2024 NF.:,8000.0,pdf_ocr
2024-08,despesa,PG. - RADIO TRANS.-GOLLO NF,542.0,pdf_ocr
2024-08,despesa,PG. INTERNET - CLARO 07/,2024.0,pdf_ocr
2024-08,despesa,PG.CONTR.REMOTO - GOLLO NF,554.0,pdf_ocr
2024-08,despesa,PG.DARF INSS(E-SOCIAL/REINF) - 07/,2024.0,pdf_ocr
2024-08,despesa,PG.DISSIDIO EMPREGADOR/2024 - 07/,2024.0,pdf_ocr
2024-08,despesa,PG.FGTS - 07/,2024.0,pdf_ocr
2024-08,despesa,PG.FOLHA FUNC.BCO. - 08/,2024.0,pdf_ocr
2024-08,despesa,PG.ISSQN - 07/,2024.0,pdf_ocr
2024-08,despesa,PG.MANUT.ELEVADOR - ATLAS SCHINDLER 08/2024 NF,16652.0,pdf_ocr
2024-08,despesa,PG.MAT.LIMPEZA - D TUDO MAIS NF,6739.0,pdf_ocr
2024-08,despesa,PG.REP.ELETRICO - ELIAS CORREA NF,1.0,pdf_ocr
2024-08,despesa,PG.SECOVIMED - 07/,2024.0,pdf_ocr
2024-08,despesa,PG.SEG.VIDA FUNC.08/,2024.0,pdf_ocr
2024-08,despesa,PG.SEGURO INCENDIO - HDI SEGUROS DOC.6500 P.4/,6.0,pdf_ocr
2024-08,despesa,PG.SERV.LIMP. - MISSAO DE PAZ 07/2024 NF,482.0,pdf_ocr
2024-08,despesa,PG.SERV.PORTARIA - F.CORREA 07/2024 NF,483.0,pdf_ocr
2024-08,despesa,PG.SINDICO PROF. - SINDICO FK SOLUGOES 07/2024 NF,73.0,pdf_ocr
2024-08,despesa,PG.TARIFA BANCO COBRANCA - 08/,2024.0,pdf_ocr
2024-08,despesa,PG.TRANSAGOES BCO.TED/DOC - 07/,2024.0,pdf_ocr
2024-08,despesa,PG.TX.FIN.SD.DEV.07/,2024.0,pdf_ocr
2024-08,despesa,PG.VALE REFEIGAO/ALIMENTAGAO - 09/,2024.0,pdf_ocr
2024-08,despesa,PG.VALE TRANSPORTE - 09/,2024.0,pdf_ocr
2024-08,despesa,REEMB.MAT.EXPEDIENTE - 08/2024 NF.:,9154.0,pdf_ocr
2024-08,despesa,TAXA AUXILIAR ADMINISTRACAO - 08/2024 NF.:,9154.0,pdf_ocr
2024-09,despesa,PG. INTERNET - CLARO 08/,2024.0,pdf_ocr
2024-09,despesa,PG.DARF INSS(E-SOCIAL/REINF) - 08/,2024.0,pdf_ocr
2024-09,despesa,PG.DESCARTE DOCUM./,2019.0,pdf_ocr
2024-09,despesa,PG.FGTS - 08/,2024.0,pdf_ocr
2024-09,despesa,PG.FOLHA FUNC.BCO. - 09/,2024.0,pdf_ocr
2024-09,despesa,PG.ISSQN - 08/,2024.0,pdf_ocr
2024-09,despesa,PG.LAMPADAS - COM FERRAG. NGP NF,1471.0,pdf_ocr
2024-09,despesa,PG.MANUT.ELEVADOR - ATLAS SCHINDLER 09/2024 NF,18773.0,pdf_ocr
2024-09,despesa,PG.MANUTENGAO - ELETRICA-ELIAS CORREA NF,3.0,pdf_ocr
2024-09,despesa,PG.MAT.LIMPEZA - F] DISTRIBUIGAO LTDA NF,2352.0,pdf_ocr
2024-09,despesa,PG.MATERIAIS - FERRAGENS NGP NF,1463.0,pdf_ocr
2024-09,despesa,PG.PCMSO SECOVIMED - PGR/PCMSO 02/,6.0,pdf_ocr
2024-09,despesa,PG.SECOVIMED - 08/,2024.0,pdf_ocr
2024-09,despesa,PG.SEG.VIDA FUNC.09/,2024.0,pdf_ocr
2024-09,despesa,PG.SEGURO INCENDIO - HD! SEGUROS DOC.6500 P.5/,6.0,pdf_ocr
2024-09,despesa,PG.SERV.LIMP. - MISSAO DE PAZ 08/2024 NF,492.0,pdf_ocr
2024-09,despesa,PG.SERV.PORTARIA - F.CORREA 08/2024 NF,493.0,pdf_ocr
2024-09,despesa,PG.SINDICO PROF. - SINDICO FK SOLUGOES 08/2024 NF,90.0,pdf_ocr
2024-09,despesa,PG.TARIFA BANCO COBRANGA - 09/,2024.0,pdf_ocr
2024-09,despesa,PG.TRANSAGOES BCO.TED/DOC - 08/,2024.0,pdf_ocr
2024-09,despesa,PG.TX.FIN.SD.DEV.08/,2024.0,pdf_ocr
2024-09,despesa,PG.VALE REFEIGAO/ALIMENTAGAO - 10/,2024.0,pdf_ocr
2024-09,despesa,PG.VALE TRANSPORTE - 10/,2024.0,pdf_ocr
2024-09,despesa,REEMB.MAT.EXPEDIENTE - 09/2024 NF.:,10305.0,pdf_ocr
2024-09,despesa,TAXA AUXILIAR ADMINISTRACAO - 09/2024 NF.:,10305.0,pdf_ocr
2024-10,despesa,PG. INTERNET - CLARO 09/,2024.0,pdf_ocr
2024-10,despesa,PG.DARF INSS(E-SOCIAL/REINF) - 09/,2024.0,pdf_ocr
2024-10,despesa,PG.FGTS - 09/,2024.0,pdf_ocr
2024-10,despesa,PG.FOLHA FUNC.BCO. - 10/,2024.0,pdf_ocr
2024-10,despesa,PG.HONOR.PROCESSO - RODRIGO DIAS NF,16.0,pdf_ocr
2024-10,despesa,PG.LAMPADAS - COML DE FERRAGENS NF,1504.0,pdf_ocr
2024-10,despesa,PG.MANUT.ELEVADOR - ATLAS SCHINDLER 10/2024 NF,21216.0,pdf_ocr
2024-10,despesa,PG.REFORMA - ALINE SILVA NF,52.0,pdf_ocr
2024-10,despesa,PG.SECOVIMED - 09/,2024.0,pdf_ocr
2024-10,despesa,PG.SEG.VIDA FUNC.10/,2024.0,pdf_ocr
2024-10,despesa,PG.SEGURO INCENDIO - HDI SEGUROS DOC.6500 P.6/,6.0,pdf_ocr
2024-10,despesa,PG.SERV.LIMP. - MISSAO DE PAZ 09/2024 NF.0S,5.0,pdf_ocr
2024-10,despesa,PG.SERV.PORTARIA - F.CORREA 09/2024 NF,506.0,pdf_ocr
2024-10,despesa,PG.SINDICO PROF. - SINDICO FK SOLUGOES 09/2024 NF,93.0,pdf_ocr
2024-10,despesa,PG.TARIFA BANCO COBRANGA - 10/,2024.0,pdf_ocr
2024-10,despesa,PG.TRANSAGOES BCO.TED/DOC - 09/,2024.0,pdf_ocr
2024-10,despesa,PG.TX.FIN.SD.DEV.09/,2024.0,pdf_ocr
2024-10,despesa,PG.VALE TRANSPORTE - 11/,2024.0,pdf_ocr
2024-10,despesa,REEMB.MAT.EXPEDIENTE - 10/2024 NF.:,11455.0,pdf_ocr
2024-10,despesa,TAXA AUXILIAR ADMINISTRACAO - 10/2024 NF.:,11455.0,pdf_ocr
2024-11,despesa,PG. INTERNET - CLARO 10/,2024.0,pdf_ocr
2024-11,despesa,PG.COLUNA AGUA - MAURO FLORES NF.0012 P.1/,2.0,pdf_ocr
2024-11,despesa,PG.DARF INSS(E-SOCIAL/REINF) - 10/,2024.0,pdf_ocr
2024-11,despesa,PG.FGTS - 10/,2024.0,pdf_ocr
2024-11,despesa,PG.FOLHA FUNC.BCO. - 11/,2024.0,pdf_ocr
2024-11,despesa,PG.ISSQN - 10/,2024.0,pdf_ocr
2024-11,despesa,PG.MANUT.ELEVADOR - ATLAS SCHINDLER 11/2024 NF,23431.0,pdf_ocr
2024-11,despesa,PG.MATERIAIS - COM.FERRAGENS NGP NF,1540.0,pdf_ocr
2024-11,despesa,PG.SECOVIMED - 10/,2024.0,pdf_ocr
2024-11,despesa,PG.SEG.VIDA FUNC.11/,2024.0,pdf_ocr
2024-11,despesa,PG.SERV.LIMP. - MISSAO DE PAZ 10/2024 NF,515.0,pdf_ocr
2024-11,despesa,PG.SERV.PORTARIA - F.CORREA 10/2024 NF,516.0,pdf_ocr
2024-11,despesa,PG.SINDEF DISS/DIO-DESC.FL.PGT®. - 08/,2024.0,pdf_ocr
2024-11,despesa,PG.SINDICO PROF. - SINDICO FK SOLUGOES 10/2024 NF,97.0,pdf_ocr
2024-11,despesa,PG.TARIFA BANCO COBRANGA - 11/,2024.0,pdf_ocr
2024-11,despesa,PG.TRANSAGOES BCO.TED/DOC - 10/,2024.0,pdf_ocr
2024-11,despesa,PG.TX.FIN.SD.DEV.10/,2024.0,pdf_ocr
2024-11,despesa,PG.VALE REFEIGAO/ALIMENTAGAO - 12/,2024.0,pdf_ocr
2024-11,despesa,REEMB.MAT.EXPEDIENTE - 11/2024 NF.:,12601.0,pdf_ocr
2024-11,despesa,TAXA AUXILIAR ADMINISTRACAO - 11/2024 NF.:,12601.0,pdf_ocr
2024-12,despesa,PG. INTERNET - CLARO 11/,2024.0,pdf_ocr
2024-12,despesa,PG.2° PARC.13° SAL./,2024.0,pdf_ocr
2024-12,despesa,PG.COLUNA AGUA - MAURO FLORES NF.0012 P.2/,2.0,pdf_ocr
2024-12,despesa,PG.DARF INSS(E-SOCIAL/REINF) - 11/,2024.0,pdf_ocr
2024-12,despesa,PG.DESINSETIZAGAO - DEDETIZA NF.1060 P.1/,2.0,pdf_ocr
2024-12,despesa,PG.FGTS - 11/,2024.0,pdf_ocr
2024-12,despesa,PG.FOLHA FUNC.BCO. - 12/,2024.0,pdf_ocr
2024-12,despesa,PG.MANUT.ELEVADOR - ATLAS SCHINDLER 12/2024 NF,25088.0,pdf_ocr
2024-12,despesa,PG.MANUTENGAO - PORTAS/PINTURA-ELIAS CORREA NF,14.0,pdf_ocr
2024-12,despesa,PG.MAT.LIMPEZA - D TUDO MAIS NF,7141.0,pdf_ocr
2024-12,despesa,PG.MAT.PINTURA - FERRAGENS NGP NF,1574.0,pdf_ocr
2024-12,despesa,PG.PINTURA - MISSAO DE PAZ NF,535.0,pdf_ocr
2024-12,despesa,PG.SECOVIMED - 11/,2024.0,pdf_ocr
2024-12,despesa,PG.SEG.VIDA FUNC.12/,2024.0,pdf_ocr
2024-12,despesa,PG.SERV.LIMP. - MISSAO DE PAZ 11/2024 NF,525.0,pdf_ocr
2024-12,despesa,PG.SERV.PORTARIA - F.CORREA 11/2024 NF,526.0,pdf_ocr
2024-12,despesa,PG.SINDICO PROF. - SINDICO FK SOLUGOES 11/2024 NF,103.0,pdf_ocr
2024-12,despesa,PG.TAPETE - EDU CAPACHOS NF,3531.0,pdf_ocr
2024-12,despesa,PG.TARIFA BANCO COBRANCA - 12/,2024.0,pdf_ocr
2024-12,despesa,PG.TRANSACOES BCO.TED - 11/,2024.0,pdf_ocr
2024-12,despesa,PG.TX.FIN.SD.DEV.11/,2024.0,pdf_ocr
2024-12,despesa,PG.VALE REFEICAO/ALIMENTACAO - 01/,2025.0,pdf_ocr
2024-12,despesa,PG.VALE TRANSPORTE - 01/,2025.0,pdf_ocr
2024-12,despesa,REEMB.MAT.EXPEDIENTE - 12/2024 NF.:,13754.0,pdf_ocr
2024-12,despesa,TAXA AUXILIAR ADMINISTRACAO - 12/2024 NF.:,13754.0,pdf_ocr
2025-01,despesa,PG. INTERNET - CLARO 12/,2024.0,pdf_ocr
2025-01,despesa,PG.BOIA - LARISSA EGRES NF,62.0,pdf_ocr
2025-01,despesa,PG.CONTR.SIND.PATR./2025 - 01/,2025.0,pdf_ocr
2025-01,despesa,PG.DARF INSS(E-SOCIAL/REINF) - 12/,2024.0,pdf_ocr
2025-01,despesa,PG.DESINSETIZAGAO - DEDETIZA NF.1060 P.2/,2.0,pdf_ocr
2025-01,despesa,PG.FGTS - 12/,2024.0,pdf_ocr
2025-01,despesa,PG.FOLHA FUNC.BCO. - 01/,2025.0,pdf_ocr
2025-01,despesa,PG.ISSQN - 12/,2024.0,pdf_ocr
2025-01,despesa,PG.LIMP.CX.D.AGUA - DEDETIZA NF.1084 P.1/,4.0,pdf_ocr
2025-01,despesa,PG.MANUT.ELEVADOR - ATLAS SCHINDLER 01/2025 NF,1619.0,pdf_ocr
2025-01,despesa,PG.MAT.LIMPEZA - D TUDO MAIS NF,7223.0,pdf_ocr
2025-01,despesa,PG.MATERIAIS - FERRAGEN NGP NF.1586 P.1/,2.0,pdf_ocr
2025-01,despesa,PG.SECOVIMED - 12/,2024.0,pdf_ocr
2025-01,despesa,PG.SEG.VIDA FUNC.01/,2025.0,pdf_ocr
2025-01,despesa,PG.SERV.LIMP. - MISSAO DE PAZ 12/2024 NF,537.0,pdf_ocr
2025-01,despesa,PG.SERV.PORTARIA - F.CORREA 12/2024 NF,538.0,pdf_ocr
2025-01,despesa,PG.SINDICO PROF. - SINDICO FK SOLUGOES 12/2024 NF,108.0,pdf_ocr
2025-01,despesa,PG.TARIFA BANCO COBRANGA - 01/,2025.0,pdf_ocr
2025-01,despesa,PG.TRANSAGOES BCO.TED - 12/,2024.0,pdf_ocr
2025-01,despesa,PG.TX.FIN.SD.DEV.12/,2024.0,pdf_ocr
2025-01,despesa,PG.VALE REFEICAO/ALIMENTACAO - 02/,2025.0,pdf_ocr
2025-01,despesa,PG.VALE TRANSPORTE - 02/,2025.0,pdf_ocr
2025-01,despesa,REEMB.MAT.EXPEDIENTE - 01/2025 NF.:,1062.0,pdf_ocr
2025-01,despesa,TAXA AUXILIAR ADMINISTRACAO - 01/2025 NF.:,1062.0,pdf_ocr
2025-02,despesa,PG. - DESOB.DUTO-J. THIAGO NF,40.0,pdf_ocr
2025-02,despesa,PG. INTERNET - CLARO 01/,2025.0,pdf_ocr
2025-02,despesa,PG.DARF INSS(E-SOCIAL/REINF) - 01/,2025.0,pdf_ocr
2025-02,despesa,PG.DESINSETIZAGAO - DEDETIZA NF,110.0,pdf_ocr
2025-02,despesa,PG.FGTS - 01/,2025.0,pdf_ocr
2025-02,despesa,PG.FOLHA FUNC.BCO. - 02/,2025.0,pdf_ocr
2025-02,despesa,PG.ISSQN - 01/,2025.0,pdf_ocr
2025-02,despesa,PG.LIMP.CX.D.AGUA - DEDETIZA NF.1084 P.2/,4.0,pdf_ocr
2025-02,despesa,PG.MAT.LIMPEZA - D TUDO MAIS NF,7349.0,pdf_ocr
2025-02,despesa,PG.PINTURA - GARAGEM-MISSAO DE PAZ NF,557.0,pdf_ocr
2025-02,despesa,PG.RECARGA EXTINTORES - FERNANDO DE LIMA NF,883.0,pdf_ocr
2025-02,despesa,PG.REEMB.ELAB.E ENTR.DIRF -,2025.0,pdf_ocr
2025-02,despesa,PG.REP.HIDRAULICO - COLUNA D.AGUA-MAURO FLORES NF,15.0,pdf_ocr
2025-02,despesa,PG.SECOVIMED - 01/,2025.0,pdf_ocr
2025-02,despesa,PG.SEG.VIDA FUNC.02/,2025.0,pdf_ocr
2025-02,despesa,PG.SERV.LIMP. - MISSAO DE PAZ 01/2025 NF,548.0,pdf_ocr
2025-02,despesa,PG.SERV.PORTARIA - F.CORREA 01/2025 NF,549.0,pdf_ocr
2025-02,despesa,PG.SERV.PRESTADOS - DUTOS VENTILAGAO-J. MACHADO NF,41.0,pdf_ocr
2025-02,despesa,PG.SINDICO PROF. - SINDICO FK SOLUGOES 02/2025 NF,112.0,pdf_ocr
2025-02,despesa,PG.TARIFA BANCO COBRANCA - 02/,2025.0,pdf_ocr
2025-02,despesa,PG.TRANSACOES BCO.TED - 01/,2025.0,pdf_ocr
2025-02,despesa,PG.TX.FIN.SD.DEV.01/,2025.0,pdf_ocr
2025-02,despesa,PG.VALE REFEICAO/ALIMENTACAO - 03/,2025.0,pdf_ocr
2025-02,despesa,PG.VALE TRANSPORTE - 03/,2025.0,pdf_ocr
2025-02,despesa,REEMB.MAT.EXPEDIENTE - 02/2025 NF.:,2209.0,pdf_ocr
2025-02,despesa,TAXA AUXILIAR ADMINISTRACAO - 02/2025 NF.:,2209.0,pdf_ocr
2025-03,despesa,PG. INTERNET - CLARO 02/,2025.0,pdf_ocr
2025-03,despesa,PG.ASSEMB.ORDIN. - 18/03/,2025.0,pdf_ocr
2025-03,despesa,PG.CONSERTO - CR-MAQ NF,156.0,pdf_ocr
2025-03,despesa,PG.DARF INSS(E-SOCIAL/REINF) - 02/,2025.0,pdf_ocr
2025-03,despesa,PG.FGTS - 02/,2025.0,pdf_ocr
2025-03,despesa,PG.FOLHA FUNC.BCO. - 03/,2025.0,pdf_ocr
2025-03,despesa,PG.ISSQN - 02/,2025.0,pdf_ocr
2025-03,despesa,PG.LIMP.CX.D.AGUA - DEDETIZA NF.1084 P.3/,4.0,pdf_ocr
2025-03,despesa,PG.MANUTENGAO - SIST.SEGURANGA-GOLLO NF,163.0,pdf_ocr
2025-03,despesa,PG.MAT.PINTURA - FERRAGEM NGP NF.1660B P.1/,2.0,pdf_ocr
2025-03,despesa,PG.PCMSO SECOVIMED - PCMSO/PGR 1/,6.0,pdf_ocr
2025-03,despesa,PG.PINTURA - GARAGEM-MISSAO DE PAZ NF,560.0,pdf_ocr
2025-03,despesa,PG.REP.HIDRAULICO - LARISSA EGRES NF,299.0,pdf_ocr
2025-03,despesa,PG.SECOVIMED - 02/,2025.0,pdf_ocr
2025-03,despesa,PG.SEG.VIDA FUNC.03/,2025.0,pdf_ocr
2025-03,despesa,PG.SERV.LIMP. - MISSAO DE PAZ 02/2025 NF,562.0,pdf_ocr
2025-03,despesa,PG.SERV.PORTARIA - F.CORREA 02/2025 NF,563.0,pdf_ocr
2025-03,despesa,PG.SINDICO PROF. - SINDICO FK SOLUGOES 03/2025 NF,116.0,pdf_ocr
2025-03,despesa,PG.TARIFA BANCO COBRANGA - 03/,2025.0,pdf_ocr
2025-03,despesa,PG.TRANSAGOES BCO.TED - 02/,2025.0,pdf_ocr
2025-03,despesa,PG.TX.FIN.SD.DEV.02/,2025.0,pdf_ocr
2025-03,despesa,PG.VALE REFEIGAO/ALIMENTAGAO - 04/,2025.0,pdf_ocr
2025-03,despesa,PG.VALE TRANSPORTE - 04/,2025.0,pdf_ocr
2025-03,despesa,REEMB.MAT.EXPEDIENTE - 03/2025 NF.:,3357.0,pdf_ocr
2025-03,despesa,TAXA AUXILIAR ADMINISTRACAO - 03/2025 NF.:,3357.0,pdf_ocr
2025-04,despesa,PG. INTERNET - CLARO 02/,2025.0,pdf_ocr
2025-04,despesa,PG.ASSEMB.ORDIN. - 18/03/,2025.0,pdf_ocr
2025-04,despesa,PG.CONSERTO - CR-MAQ NF,156.0,pdf_ocr
2025-04,despesa,PG.DARF INSS(E-SOCIAL/REINF) - 02/,2025.0,pdf_ocr
2025-04,despesa,PG.FGTS - 02/,2025.0,pdf_ocr
2025-04,despesa,PG.FOLHA FUNC.BCO. - 03/,2025.0,pdf_ocr
2025-04,despesa,PG.ISSQN - 02/,2025.0,pdf_ocr
2025-04,despesa,PG.LIMP.CX.D.AGUA - DEDETIZA NF.1084 P.3/,4.0,pdf_ocr
2025-04,despesa,PG.MANUTENGAO - SIST.SEGURANGA-GOLLO NF,163.0,pdf_ocr
2025-04,despesa,PG.MAT.PINTURA - FERRAGEM NGP NF.1660B P.1/,2.0,pdf_ocr
2025-04,despesa,PG.PCMSO SECOVIMED - PCMSO/PGR 1/,6.0,pdf_ocr
2025-04,despesa,PG.PINTURA - GARAGEM-MISSAO DE PAZ NF,560.0,pdf_ocr
2025-04,despesa,PG.REP.HIDRAULICO - LARISSA EGRES NF,299.0,pdf_ocr
2025-04,despesa,PG.SECOVIMED - 02/,2025.0,pdf_ocr
2025-04,despesa,PG.SEG.VIDA FUNC.03/,2025.0,pdf_ocr
2025-04,despesa,PG.SERV.LIMP. - MISSAO DE PAZ 02/2025 NF,562.0,pdf_ocr
2025-04,despesa,PG.SERV.PORTARIA - F.CORREA 02/2025 NF,563.0,pdf_ocr
2025-04,despesa,PG.SINDICO PROF. - SINDICO FK SOLUGOES 03/2025 NF,116.0,pdf_ocr
2025-04,despesa,PG.TARIFA BANCO COBRANGA - 03/,2025.0,pdf_ocr
2025-04,despesa,PG.TRANSAGOES BCO.TED - 02/,2025.0,pdf_ocr
2025-04,despesa,PG.TX.FIN.SD.DEV.02/,2025.0,pdf_ocr
2025-04,despesa,PG.VALE REFEIGAO/ALIMENTAGAO - 04/,2025.0,pdf_ocr
2025-04,despesa,PG.VALE TRANSPORTE - 04/,2025.0,pdf_ocr
2025-04,despesa,REEMB.MAT.EXPEDIENTE - 03/2025 NF.:,3357.0,pdf_ocr
2025-04,despesa,TAXA AUXILIAR ADMINISTRACAO - 03/2025 NF.:,3357.0,pdf_ocr
2025-05,despesa,PG. - CONF.PLACA-SILMAR LIMA NF,301.0,pdf_ocr
2025-05,despesa,PG. INTERNET - CLARO 04/,2025.0,pdf_ocr
2025-05,despesa,PG.DARF INSS(E-SOCIAL/REINF) - 04/,2025.0,pdf_ocr
2025-05,despesa,PG.DESINSETIZAGAO - DEDETIZA NF,471.0,pdf_ocr
2025-05,despesa,PG.FGTS - 04/,2025.0,pdf_ocr
2025-05,despesa,PG.FOLHA FUNC.BCO. - 05/,2025.0,pdf_ocr
2025-05,despesa,PG.ISSQN - 04/,2025.0,pdf_ocr
2025-05,despesa,PG.LIMP.CX.D.AGUA - DEDETIZA NF.0485 P.1/,3.0,pdf_ocr
2025-05,despesa,PG.MANUT.BOMBAS - CDM MOTOBOMBAS NF,472.0,pdf_ocr
2025-05,despesa,PG.MANUTENGAO - SIST.SEGURANGA-GOLLO NF,86.0,pdf_ocr
2025-05,despesa,PG.MAT.LIMPEZA - D TUDO MAIS NF,7487.0,pdf_ocr
2025-05,despesa,PG.MATERIAL - FERRAGEM VITORIA NF,4432.0,pdf_ocr
2025-05,despesa,PG.PCMSO SECOVIMED - PCMSO/PGR 3/,6.0,pdf_ocr
2025-05,despesa,PG.SECOVIMED - 04/,2025.0,pdf_ocr
2025-05,despesa,PG.SEG.VIDA FUNC.05/,2025.0,pdf_ocr
2025-05,despesa,PG.SEGURO INCENDIO - HDI SEGUROS P.1/,6.0,pdf_ocr
2025-05,despesa,PG.SERV.LIMP. - MISSAO DE PAZ 04/2025 NF,600.0,pdf_ocr
2025-05,despesa,PG.SERV.PORTARIA - F.CORREA 04/2025 NF,597.0,pdf_ocr
2025-05,despesa,PG.SINDICO PROF. - SINDICO FK SOLUGOES 04/2025 NF,130.0,pdf_ocr
2025-05,despesa,PG.TARIFA BANCO COBRANGA - 05/,2025.0,pdf_ocr
2025-05,despesa,PG.TRANSAGOES BCO.TED - 04/,2025.0,pdf_ocr
2025-05,despesa,PG.TX.FIN.SD.DEV.04/,2025.0,pdf_ocr
2025-05,despesa,PG.VALE REFEIGAO/ALIMENTAGAO - 06/,2025.0,pdf_ocr
2025-05,despesa,PG.VALE TRANSPORTE - 06/,2025.0,pdf_ocr
2025-05,despesa,REEMB.MAT.EXPEDIENTE - 05/2025 NF.:,5693.0,pdf_ocr
2025-05,despesa,TAXA AUXILIAR ADMINISTRACAO - 05/2025 NF.:,5693.0,pdf_ocr
2025-06,despesa,PG. - EMISSAO ART-CRISTINA PACHECO NF,1.0,pdf_ocr
2025-06,despesa,PG. INTERNET - CLARO 05/,2025.0,pdf_ocr
2025-06,despesa,PG. TAXA CREA - CREA/RS ART,7336.0,pdf_ocr
2025-06,despesa,PG.CONS.FECHADURA - RODRIGO MENEZES NF,141.0,pdf_ocr
2025-06,despesa,PG.DARF INSS(E-SOCIAL/REINF) - 05/,2025.0,pdf_ocr
2025-06,despesa,PG.FGTS - 05/,2025.0,pdf_ocr
2025-06,despesa,PG.FOLHA FUNC.BCO. - 06/,2025.0,pdf_ocr
2025-06,despesa,PG.ISSQN - 05/,2025.0,pdf_ocr
2025-06,despesa,PG.LIMP.CX.D.AGUA - DEDETIZA NF.0485 P.2/,3.0,pdf_ocr
2025-06,despesa,PG.LOCAGAO - EQUIP.PSCINA-LED PSCINAS NF,858.0,pdf_ocr
2025-06,despesa,PG.MAT.LIMPEZA - D TUDO MAIS NF,7566.0,pdf_ocr
2025-06,despesa,PG.MAT.PINTURA - /LIMPEZA-NGP FERRAGENS NF1769 P.1/,2.0,pdf_ocr
2025-06,despesa,PG.PCMSO SECOVIMED - PCMSO/PGR 4/,6.0,pdf_ocr
2025-06,despesa,PG.REFORMA - TELHADO-COMARTE NF,831.0,pdf_ocr
2025-06,despesa,PG.REP.ELEVADOR - ORONA P.1/6 NF,1298.0,pdf_ocr
2025-06,despesa,PG.REP.ELETRICO - ELIAS CORREA NF,28.0,pdf_ocr
2025-06,despesa,PG.SECOVIMED - 05/,2025.0,pdf_ocr
2025-06,despesa,PG.SEG.VIDA FUNC.06/,2025.0,pdf_ocr
2025-06,despesa,PG.SEGURO INCENDIO - HD! SEGUROS P.2/,6.0,pdf_ocr
2025-06,despesa,PG.SERV.LIMP. - MISSAO DE PAZ 05/2025 NF,611.0,pdf_ocr
2025-06,despesa,PG.SERV.PORTARIA - F.CORREA 05/2025 NF,610.0,pdf_ocr
2025-06,despesa,PG.SINDICO PROF. - SINDICO FK SOLUGOES 05/2025 NF,135.0,pdf_ocr
2025-06,despesa,PG.TARIFA BANCO COBRANGA - 06/,2025.0,pdf_ocr
2025-06,despesa,PG.TAXA - CREA -RS ART,2824.0,pdf_ocr
2025-06,despesa,PG.TRANSAGOES BCO.TED - 05/,2025.0,pdf_ocr
2025-06,despesa,PG.TX.FIN.SD.DEV.05/,2025.0,pdf_ocr
2025-06,despesa,PG.VALE REFEIGAO/ALIMENTAGAO - 07/,2025.0,pdf_ocr
2025-06,despesa,PG.VALE TRANSPORTE - 07/,2025.0,pdf_ocr
2025-06,despesa,REEMB.MAT.EXPEDIENTE - 06/2025 NF.:,6860.0,pdf_ocr
2025-06,despesa,TAXA AUXILIAR ADMINISTRACAO - 06/2025 NF.:,6860.0,pdf_ocr
2025-07,despesa,PG. INTERNET - CLARO 06/,2025.0,pdf_ocr
2025-07,despesa,PG.CONS.TELHADO - COMARTE REFORMAS NF,838.0,pdf_ocr
2025-07,despesa,PG.CUSTAS JUDICIAIS - PODER JUDICIARIO CF.GUIA,4872.0,pdf_ocr
2025-07,despesa,PG.DARF INSS(E-SOCIAL/REINF) - 06/,2025.0,pdf_ocr
2025-07,despesa,PG.FGTS - 06/,2025.0,pdf_ocr
2025-07,despesa,PG.FOLHA FUNC.BCO. - 07/,2025.0,pdf_ocr
2025-07,despesa,PG.ISSQN - 06/,2025.0,pdf_ocr
2025-07,despesa,PG.LIMP.CX.D.AGUA - DEDETIZA NF.0485 P.3/,3.0,pdf_ocr
2025-07,despesa,PG.MATERIAIS - ABG COM.MATERIAL NF,2203.0,pdf_ocr
2025-07,despesa,PG.PCMSO SECOVIMED - PCMSO/PGR 5/,6.0,pdf_ocr
2025-07,despesa,PG.RECARGA EXTINTORES - FHL NF,1037.0,pdf_ocr
2025-07,despesa,PG.REP.ELEVADOR - ORONA P.2/6 NF,1298.0,pdf_ocr
2025-07,despesa,PG.REPAROS - /PINTURA-THIAGO CANABARRO NF,65.0,pdf_ocr
2025-07,despesa,PG.SECOVIMED - 06/,2025.0,pdf_ocr
2025-07,despesa,PG.SEG.VIDA FUNC.07/,2025.0,pdf_ocr
2025-07,despesa,PG.SEGURO INCENDIO - HDI SEGUROS P.3/,6.0,pdf_ocr
2025-07,despesa,PG.SERV.LIMP. - MISSAO DE PAZ 06/2025 NF,624.0,pdf_ocr
2025-07,despesa,PG.SERV.PORTARIA - F.CORREA 06/2025 NF,623.0,pdf_ocr
2025-07,despesa,PG.SERV.PRESTADOS - CHAVEIRO-RODRIGO MENEZES NF,148.0,pdf_ocr
2025-07,despesa,PG.SINDICO PROF. - SINDICO FK SOLUGOES 06/2025 NF,140.0,pdf_ocr
2025-07,despesa,PG.TARIFA BANCO COBRANGA - 07/,2025.0,pdf_ocr
2025-07,despesa,PG.TRANSAGOES BCO.TED - 06/,2025.0,pdf_ocr
2025-07,despesa,PG.TX.FIN.SD.DEV.06/,2025.0,pdf_ocr
2025-07,despesa,PG.VALE REFEIGAO/ALIMENTAGAO - 08/,2025.0,pdf_ocr
2025-07,despesa,PG.VALE TRANSPORTE - 08/,2025.0,pdf_ocr
2025-07,despesa,REEMB.MAT.EXPEDIENTE - 07/2025 NF.:,8007.0,pdf_ocr
2025-07,despesa,TAXA AUXILIAR ADMINISTRACAO - 07/2025 NF.:,8007.0,pdf_ocr
2025-08,despesa,PG. INTERNET - CLARO 07/,2025.0,pdf_ocr
2025-08,despesa,PG.CONS.PORTAO - CAPPELLETTI NF,165.0,pdf_ocr
2025-08,despesa,PG.DARF INSS(E-SOCIAL/REINF) - 07/,2025.0,pdf_ocr
2025-08,despesa,PG.DISSIDIO EMPREGADOR/2025 - 07/,2025.0,pdf_ocr
2025-08,despesa,PG.FGTS - 07/,2025.0,pdf_ocr
2025-08,despesa,PG.FOLHA FUNC.BCO. - 08/,2025.0,pdf_ocr
2025-08,despesa,PG.ISSQN - 07/,2025.0,pdf_ocr
2025-08,despesa,PG.MANUT.BOMBAS - CDM BOMBAS NF,655.0,pdf_ocr
2025-08,despesa,PG.MANUT.PORTAO - RYCHARD RONZANI NF,54.0,pdf_ocr
2025-08,despesa,PG.MANUTENGAO - SIST.SEGURANGA-GOLLO NF,216.0,pdf_ocr
2025-08,despesa,PG.MAT.LIMPEZA - MARTINS E COSTA COMERCIO NF,6131.0,pdf_ocr
2025-08,despesa,PG.MAT.PINTURA - FERRAGEM NGP NF.1773 P.2/,2.0,pdf_ocr
2025-08,despesa,PG.PCMSO SECOVIMED - PCMSO/PGR 6/,6.0,pdf_ocr
2025-08,despesa,PG.REP.ELEVADOR - ORONA P.3/6 NF,1298.0,pdf_ocr
2025-08,despesa,PG.REP.ELETRICO - ELIAS CORREA NF,44.0,pdf_ocr
2025-08,despesa,PG.REP.HIDRAULICO - COMARTE NF,855.0,pdf_ocr
2025-08,despesa,PG.SECOVIMED - 07/,2025.0,pdf_ocr
2025-08,despesa,PG.SEG.VIDA FUNC.08/,2025.0,pdf_ocr
2025-08,despesa,PG.SEGURO INCENDIO - HDI SEGUROS P.4/,6.0,pdf_ocr
2025-08,despesa,PG.SERV.LIMP. - MISSAO DE PAZ 07/2025 NF,627.0,pdf_ocr
2025-08,despesa,PG.SERV.PORTARIA - F.CORREA 07/2025 NF,626.0,pdf_ocr
2025-08,despesa,PG.SINDEF DISS/DIO-DESC.FL.PGT®. - 07/,2025.0,pdf_ocr
2025-08,despesa,PG.SINDICO PROF. - SINDICO FK SOLUGOES 07/2025 NF,141.0,pdf_ocr
2025-08,despesa,PG.TARIFA BANCO COBRANGA - 08/,2025.0,pdf_ocr
2025-08,despesa,PG.TRANSAGOES BCO.TED - 07/,2025.0,pdf_ocr
2025-08,despesa,PG.TX.FIN.SD.DEV.07/,2025.0,pdf_ocr
2025-08,despesa,PG.VALE REFEIGAO/ALIMENTAGAO - 09/,2025.0,pdf_ocr
2025-08,despesa,PG.VALE TRANSPORTE - 09/,2025.0,pdf_ocr
2025-08,despesa,REEMB.MAT.EXPEDIENTE - 08/2025 NF.:,9158.0,pdf_ocr
2025-08,despesa,TAXA AUXILIAR ADMINISTRACAO - 08/2025 NF.:,9158.0,pdf_ocr
2025-09,despesa,PG. INTERNET - CLARO 08/,2025.0,pdf_ocr
2025-09,despesa,PG.DARF INSS(E-SOCIAL/REINF) - 08/,2025.0,pdf_ocr
2025-09,despesa,PG.DESCARTE DOCUM./,2019.0,pdf_ocr
2025-09,despesa,PG.FECHADURA - RODRIGO MENEZES NF,26.0,pdf_ocr
2025-09,despesa,PG.FGTS - 08/,2025.0,pdf_ocr
2025-09,despesa,PG.FOLHA FUNC.BCO. - 09/,2025.0,pdf_ocr
2025-09,despesa,PG.ISSQN - 08/,2025.0,pdf_ocr
2025-09,despesa,PG.MANUT.ELEVADOR - ORONA 8/2025 NF,2099.0,pdf_ocr
2025-09,despesa,PG.MANUTENGAO - SIST.SEGURANGA-GOLLO NF,218.0,pdf_ocr
2025-09,despesa,PG.MAT.LIMPEZA - ARMAZEM DA LIMPEZA NF,8421.0,pdf_ocr
2025-09,despesa,PG.MAT.PINTURA - NGP FERRAGEM NF.1849 P.1/,2.0,pdf_ocr
2025-09,despesa,PG.REP.ELEVADOR - ORONA P.4/6 NF,1298.0,pdf_ocr
2025-09,despesa,PG.REP.GESSO - /PINTURA-ALINE SILVA NF.95 P.1/,2.0,pdf_ocr
2025-09,despesa,PG.SECOVIMED - 08/,2025.0,pdf_ocr
2025-09,despesa,PG.SEG.VIDA FUNC.09/,2025.0,pdf_ocr
2025-09,despesa,PG.SEGURO INCENDIO - HD! SEGUROS P.5/,6.0,pdf_ocr
2025-09,despesa,PG.SERV.LIMP. - MISSAO DE PAZ 08/2025 NF,645.0,pdf_ocr
2025-09,despesa,PG.SERV.PORTARIA - F.CORREA 08/2025 NF,646.0,pdf_ocr
2025-09,despesa,PG.SINDICO PROF. - SINDICO FK SOLUGOES 08/2025 NF,147.0,pdf_ocr
2025-09,despesa,PG.TARIFA BANCO COBRANGA - 09/,2025.0,pdf_ocr
2025-09,despesa,PG.TRANSAGOES BCO.TED - 08/,2025.0,pdf_ocr
2025-09,despesa,PG.TX.FIN.SD.DEV.08/,2025.0,pdf_ocr
2025-09,despesa,PG.VALE REFEIGAO/ALIMENTAGAO - 10/,2025.0,pdf_ocr
2025-09,despesa,PG.VALE TRANSPORTE - 10/,2025.0,pdf_ocr
2025-09,despesa,REEMB.MAT.EXPEDIENTE - 09/2025 NF.:,10313.0,pdf_ocr
2025-09,despesa,TAXA AUXILIAR ADMINISTRACAO - 09/2025 NF.:,10313.0,pdf_ocr
2025-10,despesa,PG. INTERNET - CLARO 09/,2025.0,pdf_ocr
2025-10,despesa,PG.DARF INSS(E-SOCIAL/REINF) - 09/,2025.0,pdf_ocr
2025-10,despesa,PG.FGTS - 09/,2025.0,pdf_ocr
2025-10,despesa,PG.FOLHA FUNC.BCO. - 10/,2025.0,pdf_ocr
2025-10,despesa,PG.INSTALAGAO - MOLA-RODRIGO MENEZES NF,166.0,pdf_ocr
2025-10,despesa,PG.ISSQN - 09/,2025.0,pdf_ocr
2025-10,despesa,PG.MANUT.ELEVADOR - ORONA 9/2025 NF,2355.0,pdf_ocr
2025-10,despesa,PG.MANUTENGAO - SIST.SEGURANGA-GOLLO NF,238.0,pdf_ocr
2025-10,despesa,PG.MAT.PINTURA - NGP FERRAGEM NF.1849 P.2/,2.0,pdf_ocr
2025-10,despesa,PG.REP.GESSO - /PINTURA-ALINE SILVA NF.95 P.2/,2.0,pdf_ocr
2025-10,despesa,PG.REPAROS - CALCADA-CLAUDECIR TEIXEIRA NF.2 P,1.0,pdf_ocr
2025-10,despesa,PG.SECOVIMED - 09/,2025.0,pdf_ocr
2025-10,despesa,PG.SEG.VIDA FUNC.10/,2025.0,pdf_ocr
2025-10,despesa,PG.SEGURO INCENDIO - HDI SEGUROS P.6/,6.0,pdf_ocr
2025-10,despesa,PG.SERV.LIMP. - MISSAO DE PAZ 09/2025 NF,649.0,pdf_ocr
2025-10,despesa,PG.SERV.PORTARIA - F.CORREA 09/2025 NF,648.0,pdf_ocr
2025-10,despesa,PG.SERV.PRESTADOS - JK 1106/1107-ALINE MACIEL NF.S P,1.0,pdf_ocr
2025-10,despesa,PG.SINDICO PROF. - SINDICO FK SOLUGOES 09/2025 NF,153.0,pdf_ocr
2025-10,despesa,PG.TARIFA BANCO COBRANGA - 10/,2025.0,pdf_ocr
2025-10,despesa,PG.TRANSAGOES BCO.TED - 09/,2025.0,pdf_ocr
2025-10,despesa,PG.TX.FIN.SD.DEV.09/,2025.0,pdf_ocr
2025-10,despesa,PG.VALE REFEIGAO/ALIMENTAGAO - 11/,2025.0,pdf_ocr
2025-10,despesa,PG.VALE TRANSPORTE - 11/,2025.0,pdf_ocr
2025-10,despesa,REEMB.MAT.EXPEDIENTE - 10/2025 NF.:,11474.0,pdf_ocr
2025-10,despesa,TAXA AUXILIAR ADMINISTRACAO - 10/2025 NF.:,11474.0,pdf_ocr
2025-11,despesa,PG. INTERNET - CLARO 10/,2025.0,pdf_ocr
2025-11,despesa,PG.BOIA - CDM MOTOBOMBAS NF,924.0,pdf_ocr
2025-11,despesa,PG.DARF INSS(E-SOCIAL/REINF) - 10/,2025.0,pdf_ocr
2025-11,despesa,PG.FGTS - 10/,2025.0,pdf_ocr
2025-11,despesa,PG.FOLHA FUNC.BCO. - 11/,2025.0,pdf_ocr
2025-11,despesa,PG.ISSQN - 10/,2025.0,pdf_ocr
2025-11,despesa,PG.MANUT.ELEVADOR - ORONA 10/2025 NF,2625.0,pdf_ocr
2025-11,despesa,PG.MAT.LIMPEZA - ARM ZANINI NF,9273.0,pdf_ocr
2025-11,despesa,PG.REPAROS - CALGADA-CLAUDECIR TEIXEIRA NF.2 P,2.0,pdf_ocr
2025-11,despesa,PG.SECOVIMED - 10/,2025.0,pdf_ocr
2025-11,despesa,PG.SEG.VIDA FUNC.11/,2025.0,pdf_ocr
2025-11,despesa,PG.SERV.LIMP. - MISSAO DE PAZ 10/2025 NF,671.0,pdf_ocr
2025-11,despesa,PG.SERV.PORTARIA - F.CORREA 10/2025 NF,670.0,pdf_ocr
2025-11,despesa,PG.SERV.PRESTADOS - JK 1106/1107-ALINE MACIEL NF.5 P,2.0,pdf_ocr
2025-11,despesa,PG.SINDICO PROF. - SINDICO FK SOLUGOES 10/2025 NF,162.0,pdf_ocr
2025-11,despesa,PG.TARIFA BANCO COBRANCA - 11/,2025.0,pdf_ocr
2025-11,despesa,PG.TRANSACOES BCO.TED - 10/,2025.0,pdf_ocr
2025-11,despesa,PG.TX.FIN.SD.DEV.10/,2025.0,pdf_ocr
2025-11,despesa,PG.VALE REFEICAO/ALIMENTACAO - 12/,2025.0,pdf_ocr
2025-11,despesa,PG.VALE TRANSPORTE - 12/,2025.0,pdf_ocr
2025-11,despesa,REEMB.MAT.EXPEDIENTE - 11/2025 NF.:,1392.0,pdf_ocr
2025-11,despesa,TAXA AUXILIAR ADMINISTRACAO - 11/2025 NF.:,1392.0,pdf_ocr
2025-12,despesa,PG. INTERNET - CLARO 11/,2025.0,pdf_ocr
2025-12,despesa,PG.2° PARC.13° SAL./,2025.0,pdf_ocr
2025-12,despesa,PG.DARF INSS(E-SOCIAL/REINF) - 11/,2025.0,pdf_ocr
2025-12,despesa,PG.FGTS - 11/,2025.0,pdf_ocr
2025-12,despesa,PG.FOLHA FUNC.BCO. - 12/,2025.0,pdf_ocr
2025-12,despesa,PG.ISSQN - 11/,2025.0,pdf_ocr
2025-12,despesa,PG.MANUT.ELEVADOR - ORONA 11/2025 NF,210.0,pdf_ocr
2025-12,despesa,PG.REFORMA - GARAGEM-LARISSA EGRES NF,969.0,pdf_ocr
2025-12,despesa,PG.REP.ELEVADOR - ORONA P.3/6 NF,2384.0,pdf_ocr
2025-12,despesa,PG.REP.ELETRICO - ELIAS CORREA NF,65.0,pdf_ocr
2025-12,despesa,PG.REP.HIDRAULICO - TARCISIO NUNES NF.0022 P.1/,4.0,pdf_ocr
2025-12,despesa,PG.SECOVIMED - 11/,2025.0,pdf_ocr
2025-12,despesa,PG.SEG.VIDA FUNC.12/,2025.0,pdf_ocr
2025-12,despesa,PG.SERV.LIMP. - MISSAO DE PAZ 11/2025 NF,690.0,pdf_ocr
2025-12,despesa,PG.SERV.PORTARIA - F.CORREA 11/2025 NF,689.0,pdf_ocr
2025-12,despesa,PG.SINDICO PROF. - SINDICO FK SOLUGOES 11/2025 NF,169.0,pdf_ocr
2025-12,despesa,PG.TARIFA BANCO COBRANCA - 12/,2025.0,pdf_ocr
2025-12,despesa,PG.TELEFONE - SEVERO ROTH NF,4748.0,pdf_ocr
2025-12,despesa,PG.TRANSACOES BCO.TED - 11/,2025.0,pdf_ocr
2025-12,despesa,PG.TX.FIN.SD.DEV.11/,2025.0,pdf_ocr
2025-12,despesa,PG.VALE REFEICAO/ALIMENTACAO - 01/,2026.0,pdf_ocr
2025-12,despesa,PG.VALE TRANSPORTE - 01/,2026.0,pdf_ocr
2025-12,despesa,REEMB.MAT.EXPEDIENTE - 12/2025 NF.:,2564.0,pdf_ocr
2025-12,despesa,TAXA AUXILIAR ADMINISTRACAO - 12/2025 NF.:,2564.0,pdf_ocr
2026-01,despesa,PG. INTERNET - CLARO 12/,2025.0,pdf_ocr
2026-01,despesa,PG. MOVEIS - TEK MOVEIS NF,28.0,pdf_ocr
2026-01,despesa,PG.CONTR.SIND.PATR./,2026.0,pdf_ocr
2026-01,despesa,PG.DARF INSS(E-SOCIAL/REINF) - 12/,2025.0,pdf_ocr
2026-01,despesa,PG.FOLHA FUNC.BCO. - 01/,2026.0,pdf_ocr
2026-01,despesa,PG.LIMP.CX.D.AGUA - FLAVIO OLIVEIRA NF,1406.0,pdf_ocr
2026-01,despesa,PG.MANUT.BOMBAS - CDM MOTOBOMBAS NF,1214.0,pdf_ocr
2026-01,despesa,PG.MANUT.ELEVADOR - ORONA 12/2025 NF,489.0,pdf_ocr
2026-01,despesa,PG.MANUTENGAO - LUZ EMERGENCIA-ELIAS CORREA NF,68.0,pdf_ocr
2026-01,despesa,PG.MAT.LIMPEZA - ARM ZANINI NF,430.0,pdf_ocr
2026-01,despesa,PG.MAT.PINTURA - AMAURI TINTAS NF,2369.0,pdf_ocr
2026-01,despesa,PG.PINTURA - CLAUDECIR TEIXEIRA NF,10.0,pdf_ocr
2026-01,despesa,PG.REP.HIDRAULICO - TARCISIO NUNES NF.0022 P.2/,4.0,pdf_ocr
2026-01,despesa,PG.REPAROS - PISO AP.1105-MAURO FLORES NF29 P1/,2.0,pdf_ocr
2026-01,despesa,PG.SECOVIMED - 12/,2025.0,pdf_ocr
2026-01,despesa,PG.SEG.VIDA FUNC.01/,2026.0,pdf_ocr
2026-01,despesa,PG.SERV.LIMP. - MISSAO DE PAZ 12/2025 NF,714.0,pdf_ocr
2026-01,despesa,PG.SERV.PORTARIA - F.CORREA 12/2025 NF.O,715.0,pdf_ocr
2026-01,despesa,PG.SINDICO PROF. - SINDICO FK SOLUGOES 12/2025 NF,175.0,pdf_ocr
2026-01,despesa,PG.TARIFA BANCO COBRANGA - 01/,2026.0,pdf_ocr
2026-01,despesa,PG.TRANSAGOES BCO.TED - 12/,2025.0,pdf_ocr
2026-01,despesa,PG.TX.FIN.SD.DEV.12/,2025.0,pdf_ocr
2026-01,despesa,PG.VALE REFEIGAO/ALIMENTAGAO - 02/,2026.0,pdf_ocr
2026-01,despesa,PG.VALE TRANSPORTE - 02/,2026.0,pdf_ocr
2026-01,despesa,REEMB.MAT.EXPEDIENTE - 01/2026 NF.:,3715.0,pdf_ocr
2026-01,despesa,TAXA AUXILIAR ADMINISTRACAO - 01/2026 NF.:,3715.0,pdf_ocr
2026-02,despesa,PG. INTERNET - CLARO 01/,2026.0,pdf_ocr
2026-02,despesa,PG.DARF INSS(E-SOCIAL/REINF) - 01/,2026.0,pdf_ocr
2026-02,despesa,PG.FGTS - 01/,2026.0,pdf_ocr
2026-02,despesa,PG.FOLHA FUNC.BCO. - 02/,2026.0,pdf_ocr
2026-02,despesa,PG.ISSQN - 01/,2026.0,pdf_ocr
2026-02,despesa,PG.MANUT.ELEVADOR - ORONA 01/2026 NF,752.0,pdf_ocr
2026-02,despesa,PG.MANUTENGAO - ELETRICA-ELIAS CORREA NF,74.0,pdf_ocr
2026-02,despesa,PG.REP.GESSO - PINTURA-CLAUDECIR TEIXEIRA NF,13.0,pdf_ocr
2026-02,despesa,PG.SECOVIMED - 01/,2026.0,pdf_ocr
2026-02,despesa,PG.SEG.VIDA FUNC.02/,2026.0,pdf_ocr
2026-02,despesa,PG.SERV.LIMP. - MISSAO DE PAZ 01/2026 NF,717.0,pdf_ocr
2026-02,despesa,PG.SERV.PORTARIA - F.CORREA 01/2026 NF.O,716.0,pdf_ocr
2026-02,despesa,PG.SINDICO PROF. - SINDICO FK SOLUGOES 01/2026 NF,181.0,pdf_ocr
2026-02,despesa,PG.TARIFA BANCO COBRANGA - 02/,2026.0,pdf_ocr
2026-02,despesa,PG.TRANSACOES BCO.TED - 01/,2026.0,pdf_ocr
2026-02,despesa,PG.TX.FIN.SD.DEV.01/,2026.0,pdf_ocr
2026-02,despesa,PG.VALE REFEICAO/ALIMENTACAO - 03/,2026.0,pdf_ocr
2026-02,despesa,PG.VALE TRANSPORTE - 03/,2026.0,pdf_ocr
2026-02,despesa,REEMB.MAT.EXPEDIENTE - 02/2026 NF.:,4984.0,pdf_ocr
2026-02,despesa,TAXA AUXILIAR ADMINISTRACAO - 02/2026 NF.:,4984.0,pdf_ocr
2026-03,despesa,PG. INTERNET - CLARO 02/,2026.0,pdf_ocr
2026-03,despesa,PG.BALCAO - COM.REQUINTE NF,106.0,pdf_ocr
2026-03,despesa,PG.DARF INSS(E-SOCIAL/REINF) - 02/,2026.0,pdf_ocr
2026-03,despesa,PG.FGTS - 02/,2026.0,pdf_ocr
2026-03,despesa,PG.FOLHA FUNC.BCO. - 03/,2026.0,pdf_ocr
2026-03,despesa,PG.ISSQN - 02/,2026.0,pdf_ocr
2026-03,despesa,PG.MANUT.ELEVADOR - ORONA 02/2026 NF,1027.0,pdf_ocr
2026-03,despesa,PG.MAT.PINTURA - NGP FERRAGEM NF,1991.0,pdf_ocr
2026-03,despesa,PG.SECOVIMED - 02/,2026.0,pdf_ocr
2026-03,despesa,PG.SEG.VIDA FUNC.03/,2026.0,pdf_ocr
2026-03,despesa,PG.SERV.LIMP. - MISSAO DE PAZ 02/2026 NF,730.0,pdf_ocr
2026-03,despesa,PG.SERV.PORTARIA - F.CORREA 02/2026 NF,729.0,pdf_ocr
2026-03,despesa,PG.SINDICO PROF. - SINDICO FK SOLUGOES 02/2026 NF,190.0,pdf_ocr
2026-03,despesa,PG.TARIFA BANCO COBRANCA - 03/,2026.0,pdf_ocr
2026-03,despesa,PG.TRANSACOES BCO.TED - 02/,2026.0,pdf_ocr
2026-03,despesa,PG.TX.FIN.SD.DEV.02/,2026.0,pdf_ocr
2026-03,despesa,PG.VALE REFEICAO/ALIMENTACAO - 04/,2026.0,pdf_ocr
2026-03,despesa,PG.VALE TRANSPORTE - 04/,2026.0,pdf_ocr
2026-03,despesa,REEMB.MAT.EXPEDIENTE - 03/2026 NF.:,6371.0,pdf_ocr
2026-03,despesa,TAXA AUXILIAR ADMINISTRACAO - 03/2026 NF.:,6371.0,pdf_ocr
2026-04,despesa,PG. INTERNET - CLARO 03/,2026.0,pdf_ocr
2026-04,despesa,PG.DARF INSS(E-SOCIAL/REINF) - 03/,2026.0,pdf_ocr
2026-04,despesa,PG.FGTS - 03/,2026.0,pdf_ocr
2026-04,despesa,PG.FOLHA FUNC.BCO. - 04/,2026.0,pdf_ocr
2026-04,despesa,PG.ISSQN - 03/,2026.0,pdf_ocr
2026-04,despesa,PG.MANUT.ELEVADOR - ORONA 03/2026 NF,1302.0,pdf_ocr
2026-04,despesa,PG.MAT.LIMPEZA - ARMAZEM AZENHA NF,2008.0,pdf_ocr
2026-04,despesa,PG.REFORMA - ELETRICA-ELIAS CORREA NF,86.0,pdf_ocr
2026-04,despesa,PG.REP.BOMBAS - LARISSA EGRES NF,1533.0,pdf_ocr
2026-04,despesa,PG.REP.GESSO - ALINE SILVA NF.4 P.1/,2.0,pdf_ocr
2026-04,despesa,PG.REP.HIDRAULICO - CLAUDECIR TEIXEIRA NF,20.0,pdf_ocr
2026-04,despesa,PG.SECOVIMED - 03/,2026.0,pdf_ocr
2026-04,despesa,PG.SEG.VIDA FUNC.04/,2026.0,pdf_ocr
2026-04,despesa,PG.SERV.LIMP. - MISSAO DE PAZ 03/2026 NF,743.0,pdf_ocr
2026-04,despesa,PG.SERV.PORTARIA - F.CORREA 03/2026 NF,742.0,pdf_ocr
2026-04,despesa,PG.SINDICO PROF. - SINDICO FK SOLUGOES 03/2026 NF,195.0,pdf_ocr
2026-04,despesa,PG.TARIFA BANCO COBRANCA - 04/,2026.0,pdf_ocr
2026-04,despesa,PG.TRANSACOES BCO.TED - 03/,2026.0,pdf_ocr
2026-04,despesa,PG.TX.FIN.SD.DEV.03/,2026.0,pdf_ocr
2026-04,despesa,PG.VALE REFEICAO/ALIMENTACAO - 05/,2026.0,pdf_ocr
2026-04,despesa,PG.VALE TRANSPORTE - 05/,2026.0,pdf_ocr
2026-04,despesa,REEMB.MAT.EXPEDIENTE - 04/2026 NF.:,7513.0,pdf_ocr
2026-04,despesa,TAXA AUXILIAR ADMINISTRACAO - 04/2026 NF.:,7513.0,pdf_ocr
2026-05,despesa,PG. INTERNET - CLARO 03/,2026.0,pdf_ocr
2026-05,despesa,PG. SENSOR - NGP FERRAGEM NF,2033.0,pdf_ocr
2026-05,despesa,PG.DARF INSS(E-SOCIAL/REINF) - 04/,2026.0,pdf_ocr
2026-05,despesa,PG.FGTS - 04/,2026.0,pdf_ocr
2026-05,despesa,PG.FOLHA FUNC.BCO. - 05/,2026.0,pdf_ocr
2026-05,despesa,PG.ISSQN - 04/,2026.0,pdf_ocr
2026-05,despesa,PG.MANUT.ELEVADOR - ORONA 04/2026 NF,1575.0,pdf_ocr
2026-05,despesa,PG.PINTURA - RIOGRANDENSE NF,250.0,pdf_ocr
2026-05,despesa,PG.REP.BOMBAS - LARISSA EGRES NF,1623.0,pdf_ocr
2026-05,despesa,PG.REP.GESSO - ALINE SILVA NF.4 P.2/,2.0,pdf_ocr
2026-05,despesa,PG.REP.HIDRAULICO - OBRA NO DETALHE NF.7 P.1/,4.0,pdf_ocr
2026-05,despesa,PG.REPAROS - COMARTE NF,1019.0,pdf_ocr
2026-05,despesa,PG.SECOVIMED - 04/,2026.0,pdf_ocr
2026-05,despesa,PG.SEG.VIDA FUNC.05/,2026.0,pdf_ocr
2026-05,despesa,PG.SEGURO INCENDIO - HDI SEGUROS P.1/,6.0,pdf_ocr
2026-05,despesa,PG.SERV.LIMP. - MISSAO DE PAZ 04/2026 NF,760.0,pdf_ocr
2026-05,despesa,PG.SERV.PORTARIA - F.CORREA 04/2026 NF,759.0,pdf_ocr
2026-05,despesa,PG.TARIFA BANCO COBRANGA - 05/,2026.0,pdf_ocr
2026-05,despesa,PG.TRANSAGOES BCO.TED - 04/,2026.0,pdf_ocr
2026-05,despesa,PG.TX.FIN.SD.DEV.04/,2026.0,pdf_ocr
2026-05,despesa,PG.VALE REFEIGAO/ALIMENTAGAO - 06/,2026.0,pdf_ocr
2026-05,despesa,PG.VALE TRANSPORTE - 06/,2026.0,pdf_ocr
2026-05,despesa,REEMB.MAT.EXPEDIENTE - 05/2026 NF.:,8743.0,pdf_ocr
2026-05,despesa,TAXA AUXILIAR ADMINISTRACAO - 05/2026 NF.:,8743.0,pdf_ocr
2026-06,despesa,PG. INTERNET - CLARO 05/,2026.0,pdf_ocr
2026-06,despesa,PG.DARF INSS(E-SOCIAL/REINF) - 05/,2026.0,pdf_ocr
2026-06,despesa,PG.DECLARAGAO PMPA/ISSQNDEC - 05/,2026.0,pdf_ocr
2026-06,despesa,PG.FECHADURA - /MATERIAL-CAPPELLETTI NF,1628.0,pdf_ocr
2026-06,despesa,PG.FGTS - 05/,2026.0,pdf_ocr
2026-06,despesa,PG.FOLHA FUNC.BCO. - 06/,2026.0,pdf_ocr
2026-06,despesa,PG.INSTAL.CAMERAS - ALISSON GOLLO NF,338.0,pdf_ocr
2026-06,despesa,PG.ISSQN - 05/,2026.0,pdf_ocr
2026-06,despesa,PG.MANUT.ELEVADOR - ORONA 05/2026 NF,1839.0,pdf_ocr
2026-06,despesa,PG.MAT.LIMPEZA - LUCIANA ZANINI NF,2728.0,pdf_ocr
2026-06,despesa,PG.MAT.PINTURA - NGP FERRAGEM NF,2088.0,pdf_ocr
2026-06,despesa,PG.PCMSO SECOVIMED - PGR PCMSO-01/,6.0,pdf_ocr
2026-06,despesa,PG.SECOVIMED - 05/,2026.0,pdf_ocr
2026-06,despesa,PG.SEG.VIDA FUNC.06/,2026.0,pdf_ocr
2026-06,despesa,PG.SEGURO INCENDIO - HD! SEGUROS P.2/,6.0,pdf_ocr
2026-06,despesa,PG.SERV.LIMP. - MISSAO DE PAZ 05/2026 NF,772.0,pdf_ocr
2026-06,despesa,PG.SERV.PORTARIA - F.CORREA 05/2026 NF,771.0,pdf_ocr
2026-06,despesa,PG.SINDEF DISSIDIO-DESC.FL.PGT®. - 06/,2026.0,pdf_ocr
2026-06,despesa,PG.SINDICO PROF. - SINDICO FK SOLUGOES 06/2026 NF,208.0,pdf_ocr
2026-06,despesa,PG.TARIFA BANCO COBRANGA - 06/,2026.0,pdf_ocr
2026-06,despesa,PG.TRANSAGOES BCO.TED - 05/,2026.0,pdf_ocr
2026-06,despesa,PG.TX.FIN.SD.DEV.05/,2026.0,pdf_ocr
2026-06,despesa,PG.VALE REFEIGAO/ALIMENTAGAO - 07/,2026.0,pdf_ocr
2026-06,despesa,PG.VALE TRANSPORTE - 07/,2026.0,pdf_ocr
2026-06,despesa,REEMB.MAT.EXPEDIENTE - 06/2026 NF.:,9979.0,pdf_ocr
2026-06,despesa,TAXA AUXILIAR ADMINISTRACAO - 06/2026 NF.:,9979.0,pdf_ocr
